93431335552115;Ltda SA Comercial;SP
40766720691302;Empresa Empresa Ltda;SP
44992465235573;Ltda Comercial Empresa;MG
49171949630809;Ltda Industrial SA;SC
13012531330292;SA Comercial SA;MG
78429585956902;SA Industrial Empresa;PR
21525253537912;Empresa Fictícia Industrial;RJ
40772073852179;Empresa Empresa Fictícia;MG
43061496900182;Empresa Fictícia Empresa;RS
49311849289252;Fictícia SA Fictícia;SC
79011135484025;Ltda Industrial Empresa;PR
77551982824526;Comercial SA Fictícia;MG
07121660183054;Empresa Industrial Industrial;RS
03941127890214;SA Industrial Empresa;PR
49173020175330;Ltda Empresa Industrial;PR
42557128757318;SA Fictícia Industrial;BA
59580542220608;Ltda Ltda Industrial;BA
26651617036932;SA Comercial SA;MG
89439450047996;SA SA Fictícia;BA
81313239311854;Fictícia Ltda Comercial;RJ
64135261591678;Comercial SA Fictícia;SC
29344974305255;Empresa Empresa Ltda;RJ
79623444191935;Fictícia SA Fictícia;MG
48177167303292;Fictícia Empresa Industrial;BA
81204175787026;SA Empresa Industrial;SC
10028855943552;Ltda Comercial Industrial;PR
90658154594147;Ltda SA Empresa;RS
62309897656642;Ltda Ltda Empresa;RJ
29694861273532;Empresa Ltda SA;PR
75223625277808;Ltda Fictícia Comercial;PR
97677314200510;Ltda SA Empresa;SP
09611705252770;Empresa Fictícia Comercial;SP
62113557024035;Empresa Fictícia SA;BA
06079125376798;Empresa Ltda Ltda;PR
31415594063731;Empresa Ltda Comercial;BA
18550682297986;Fictícia Comercial Empresa;SC
97325705195713;Comercial Industrial Fictícia;MG
08576662437997;Comercial Empresa Empresa;RJ
83051866112403;Fictícia SA Comercial;PR
25515585088042;Fictícia Comercial Fictícia;MG
90860457428420;Fictícia Empresa Fictícia;MG
70152308133254;SA Fictícia Empresa;MG
60664338130634;SA Comercial Comercial;PR
50672283117728;Fictícia Fictícia Comercial;BA
09881444839131;Comercial Industrial SA;RJ
90521765660201;Comercial SA Industrial;SC
97394389195352;SA Industrial Comercial;SC
64998264494696;Industrial Comercial Comercial;PR
25101718110903;Ltda Fictícia Ltda;BA
67978206273653;Industrial Ltda Industrial;BA
16801900901845;Empresa Fictícia Industrial;SC
41637475184625;Fictícia Empresa Industrial;RJ
96099193350773;Comercial Industrial SA;PR
11474892600273;SA Industrial Empresa;SC
08965904708722;Ltda Industrial Comercial;RJ
89743245613931;Industrial Industrial Ltda;PR
33022204941662;Comercial Fictícia Industrial;RS
54204117469044;Empresa Comercial Ltda;RJ
98452608793794;SA Industrial SA;SP
76788176109776;Industrial Fictícia Fictícia;SC
81143624006833;Industrial SA Comercial;RJ
46742901834543;SA Comercial SA;RJ
88075705143764;Industrial Industrial Empresa;MG
61868746261498;Ltda Empresa Empresa;SC
13783538431939;SA Fictícia Fictícia;BA
32012401953880;Industrial Fictícia Comercial;PR
38147597043530;Ltda Comercial Fictícia;PR
20153461366415;Industrial SA SA;RS
10422140638480;Empresa Empresa Empresa;SC
13781453335922;Industrial Fictícia Industrial;PR
75526714163461;Comercial SA Comercial;RJ
75830309033894;Ltda Fictícia Industrial;PR
01733264169885;Ltda Comercial Industrial;BA
20636967669324;Fictícia Industrial Empresa;RJ
52270612126771;Ltda SA Fictícia;RS
51488902719176;Comercial Comercial Empresa;SC
36314427577515;Empresa Empresa Fictícia;BA
52635224784746;Empresa Fictícia SA;MG
02449903059389;Ltda Fictícia Ltda;SC
66736093623994;Fictícia SA Fictícia;SP
74256146249898;Comercial Industrial Ltda;RJ
26034919531905;Empresa Industrial Empresa;SP
41852149551064;Comercial Industrial Fictícia;PR
97157342947761;Comercial Empresa SA;SP
04748825531765;Fictícia Industrial SA;SP
83200749136016;Fictícia Industrial Fictícia;SP
60036979424971;Empresa Empresa Fictícia;SC
20228342092936;Comercial Comercial Fictícia;MG
53323948805341;SA Ltda Empresa;BA
04158972764673;Fictícia Ltda Ltda;BA
92384417131205;Ltda SA Empresa;SC
54342798700091;Fictícia Ltda SA;SP
89434527958065;Empresa Fictícia Fictícia;SP
28096319885515;Fictícia Fictícia Empresa;MG
27519802282517;Comercial Comercial Comercial;RS
88591267126186;SA Empresa Empresa;SC
78019026929635;Ltda Ltda SA;RJ
68308152286221;SA Ltda Industrial;SP
88186481471475;Fictícia Empresa Industrial;MG
29942667893554;SA SA Industrial;SP
60798606902633;Empresa Comercial Industrial;BA
79584313875382;Ltda Industrial SA;SC
02826226168304;Industrial Industrial Empresa;RS
02773458059301;SA SA Fictícia;SP
11627165572895;Ltda Empresa Fictícia;PR
32189614939644;Ltda Comercial Comercial;PR
26231780161423;Empresa Ltda Fictícia;PR
67387190497862;Comercial Empresa SA;SC
41453456980737;Comercial Ltda SA;PR
18964920006001;SA SA SA;SP
76461337192991;Fictícia Empresa Comercial;MG
98185200879228;Ltda Empresa Comercial;SC
13388780326478;Industrial Comercial Industrial;PR
00086439544372;Comercial SA Industrial;SP
45250590020877;Industrial Empresa SA;BA
51633022582165;SA Fictícia Comercial;SC
73001821691874;Comercial Fictícia Comercial;SC
73404986498772;Industrial Ltda Ltda;BA
82304378452061;Empresa Comercial Empresa;MG
00239755083410;Empresa Ltda Industrial;SC
42507246110350;Ltda Empresa Comercial;PR
09762684452960;Ltda Industrial Empresa;SP
07947337929290;Fictícia SA SA;BA
41488557962519;Fictícia Industrial SA;SC
17756768322614;Industrial Industrial Empresa;RS
03085005019608;Fictícia Industrial Ltda;MG
23073267979300;Industrial SA Ltda;SP
92732188234126;Empresa Ltda Ltda;RS
58436665094851;Ltda Empresa SA;RJ
63902290740890;Empresa SA Ltda;MG
90969930347541;SA Comercial Industrial;SP
20502697098613;SA Empresa SA;PR
46694998176397;SA Empresa Industrial;RS
31465654147222;Empresa SA Comercial;RS
74670146354316;Fictícia Empresa Comercial;RS
66533754066901;SA Industrial Industrial;MG
17495551262564;Ltda SA Industrial;SP
58646375581192;SA Industrial SA;PR
38835474168693;Ltda SA Comercial;PR
42069927263200;Industrial Empresa Industrial;PR
49638818766063;SA Industrial Comercial;BA
02572709901216;Industrial Fictícia Comercial;PR
98629276047564;Fictícia Comercial Industrial;RS
74195460013753;Industrial Fictícia Fictícia;RJ
69967203803210;Comercial Empresa SA;RJ
77400030650082;Ltda Empresa Empresa;PR
82023951915911;SA Industrial SA;SP
98986120994245;Industrial SA Comercial;MG
51263704640697;Empresa Industrial Comercial;SP
99795072427793;Comercial Empresa Industrial;SP
83837924313056;Industrial Ltda Fictícia;RS
19007821745045;Empresa Empresa Empresa;PR
88885573319610;SA Comercial Ltda;RJ
38583872268042;Industrial Fictícia Ltda;RJ
53052018187116;Fictícia Fictícia Empresa;RS
19792530969433;Industrial Ltda Industrial;BA
51166243723929;Fictícia Empresa Ltda;SP
75651724738416;Fictícia SA Fictícia;PR
05204839245075;Fictícia Fictícia Ltda;PR
38718609235793;Comercial Empresa Fictícia;BA
30350882807704;Ltda Ltda Comercial;MG
02369856910068;Comercial Ltda Ltda;PR
14393556991027;Ltda Empresa Fictícia;RS
96600971347441;Comercial Ltda SA;SP
91515863766204;Comercial Ltda Fictícia;MG
40473455758660;Fictícia Empresa Fictícia;RJ
10080772364768;Ltda Fictícia Industrial;SP
80770509643020;Fictícia Industrial Ltda;RJ
03350549486253;Fictícia Empresa Fictícia;SP
71683619043542;Fictícia Comercial Fictícia;RJ
93541957721034;Industrial Industrial Comercial;RS
36774654995445;Industrial Empresa Comercial;BA
96167444909673;Comercial Ltda Empresa;BA
80967246732673;SA Fictícia Fictícia;BA
27180188977595;Fictícia Fictícia Comercial;SP
21614089510520;Empresa SA SA;MG
73282681223718;Comercial Empresa SA;SP
08923055872753;Ltda Ltda SA;SP
26293116024548;Fictícia Empresa Ltda;SP
88125801698334;Industrial SA SA;MG
62584140655024;SA Ltda Comercial;RJ
35059640108697;Industrial Fictícia Industrial;BA
95704667799648;SA Ltda SA;SP
02600705779768;Empresa Empresa Comercial;SC
35090258564010;Ltda Ltda Empresa;SC
31539787925205;Ltda Comercial SA;BA
61620510968286;SA Empresa Comercial;RJ
42151597286071;Fictícia Fictícia SA;PR
96313762606616;Comercial Industrial SA;BA
09453439968106;Ltda Empresa Comercial;SP
39553764422473;Ltda Industrial Fictícia;SC
68395864946963;Comercial Ltda SA;MG
02599866428845;Fictícia Empresa Comercial;PR
09376124087581;Fictícia Industrial Comercial;PR
22048396087661;SA Industrial SA;RS
85492101566294;Empresa Comercial Industrial;RS
97250274045881;Industrial Industrial Comercial;MG
46023762321630;Industrial SA Comercial;RS
80368047112224;Fictícia Industrial Industrial;RJ
04517884839292;Comercial Empresa Ltda;BA
85329767997035;Empresa Ltda Comercial;SP
58428985892084;Ltda Fictícia Empresa;SP
85431701920159;Empresa Industrial Fictícia;RJ
35872087688772;SA Ltda SA;PR
15437715058139;Comercial Empresa Fictícia;SP
89922806387580;Fictícia Industrial Empresa;RS
21423542077655;SA SA Fictícia;RJ
24277377690067;Empresa SA Empresa;BA
03019227303794;Empresa Industrial Ltda;RS
61492581404833;Empresa Fictícia Empresa;RJ
75680644438944;Industrial Comercial Ltda;SP
97584126909659;Empresa SA SA;RS
95628581943730;Fictícia Fictícia Comercial;SC
40430271114951;Ltda SA SA;PR
50645480780096;Ltda Comercial Fictícia;SC
21103533547099;Ltda SA Empresa;RS
57792216509018;Empresa Ltda Comercial;PR
53814795070271;Industrial Comercial Fictícia;PR
31578866597824;SA SA Fictícia;SC
63201767761586;Industrial Fictícia Industrial;BA
87676420392018;Empresa SA Fictícia;PR
42628197793625;Empresa SA Fictícia;SP
45119641765617;Fictícia Comercial SA;MG
22764309644230;Empresa Industrial Empresa;MG
12644577097963;Comercial Fictícia Comercial;MG
61098514014858;Fictícia SA Empresa;RJ
65258636184621;Fictícia Comercial Fictícia;RJ
11902620474293;Ltda Empresa Comercial;RS
27564935694383;Fictícia Fictícia Ltda;SP
72461807286565;Empresa Industrial SA;RS
06909106734335;Fictícia Industrial Industrial;MG
32041129277077;Empresa Comercial Ltda;SC
58643645711600;Empresa Empresa Comercial;PR
58331157930561;Industrial Industrial SA;MG
09620498160962;SA Ltda Comercial;BA
44525010802782;SA Empresa Industrial;SP
60316560640970;Industrial SA Ltda;RS
68490257891153;Fictícia Comercial Ltda;BA
83602972517039;Empresa Ltda Comercial;SP
67101347600523;Comercial Empresa Comercial;MG
17450683035643;Industrial Fictícia Empresa;SP
96570803214143;Comercial Empresa Industrial;PR
05971116180338;Comercial SA Fictícia;SC
61810866334152;Industrial Comercial Comercial;SP
38288452485490;SA Comercial Empresa;SP
75824841900742;SA Comercial Fictícia;SC
46626510738010;Industrial Industrial SA;SP
14469476462477;Industrial SA Ltda;MG
79303330932993;Empresa SA Empresa;RS
92664721613581;SA Ltda Comercial;RS
14745352456144;Comercial Empresa SA;BA
81800867383080;Empresa Fictícia Ltda;SC
86482672112470;Industrial SA Comercial;RS
63034341478977;Empresa Industrial SA;MG
10566679760388;Fictícia Ltda Industrial;MG
14827715419416;SA Fictícia Empresa;RS
75722020653547;Empresa Ltda Empresa;RS
01876631715903;Ltda SA Comercial;BA
07138929334814;Ltda SA SA;SP
73697721248281;Ltda Ltda Industrial;BA
45343580625107;Empresa Ltda Fictícia;RJ
67646095866640;Ltda SA Fictícia;SP
13042519592138;Empresa Ltda Fictícia;MG
71943504520263;Comercial SA Ltda;MG
76026026903954;Fictícia Comercial Ltda;PR
37144583188742;Comercial Empresa Empresa;RS
62839578476955;Ltda Comercial Empresa;SP
57847794846108;Empresa Industrial Comercial;SC
33254739391492;Comercial Industrial Ltda;BA
35648381528386;Industrial Fictícia Empresa;BA
12357869336624;SA Fictícia Ltda;RJ
29296892467276;Ltda Fictícia Ltda;SC
69815732846924;Fictícia Comercial Fictícia;SP
12960820879426;Ltda Industrial Empresa;RJ
50917877015396;Industrial Industrial Fictícia;MG
06446996076820;Empresa Fictícia Empresa;SC
00271579135359;Empresa Comercial Empresa;RJ
56744847260521;Comercial Comercial Industrial;SP
50595824024391;Fictícia Industrial Comercial;MG
39746995760153;Industrial Comercial Fictícia;MG
78089151174866;Comercial Fictícia Comercial;RJ
15954481332238;Industrial Empresa Empresa;MG
65185616496486;Industrial Ltda Fictícia;BA
50975124592708;Comercial Fictícia Comercial;MG
93961461385040;Empresa SA Comercial;PR
77157596499951;Comercial Industrial SA;MG
08871302630827;Comercial Comercial Empresa;RJ
43484259969944;Comercial Fictícia Comercial;BA
08869091322709;Comercial SA Comercial;MG
98313301412582;Fictícia Comercial Ltda;PR
04295622840022;SA Industrial Industrial;BA
86049134092348;Comercial SA SA;MG
78157554956679;Comercial Industrial Fictícia;RJ
34442912531511;Ltda Ltda Industrial;MG
24841285463030;Ltda Ltda Ltda;MG
91652857502768;Ltda SA Fictícia;PR
25622613690435;Fictícia SA Ltda;RS
65015655538110;Empresa Industrial Fictícia;PR
86972901189504;Ltda Ltda Ltda;MG
58193984134650;Ltda Fictícia Comercial;RS
86948377378861;Comercial Fictícia Ltda;RS
45824179647183;SA Empresa Comercial;SP
84364696689350;Comercial SA Fictícia;PR
34092028031149;Empresa Industrial Fictícia;RS
84299157321506;Empresa Fictícia Empresa;PR
43298864845411;Industrial Fictícia Industrial;SP
81819468909999;Comercial SA Industrial;RJ
67877410911282;SA SA SA;SP
08118431926216;Ltda Fictícia Ltda;MG
05554882168079;Ltda Ltda Industrial;RS
39505298907057;Ltda Ltda Ltda;BA
35152382445484;Fictícia Empresa Industrial;RJ
74885652699613;Ltda Comercial Fictícia;MG
50979385851212;Industrial SA SA;SP
18711221720769;Empresa Fictícia Empresa;MG
52673444790231;Empresa Ltda Industrial;BA
12696590166211;Empresa Empresa SA;MG
45911629666412;Fictícia Industrial Fictícia;PR
45804579689693;Empresa Industrial Ltda;PR
21982541321620;Fictícia Empresa Empresa;MG
71371791678804;Comercial Comercial Comercial;BA
36424109307411;Industrial Comercial Fictícia;RJ
68060723959593;Industrial Industrial Fictícia;MG
42483973014439;Industrial Empresa Empresa;PR
07445645934680;Ltda Fictícia Industrial;SC
39454376644693;Industrial Ltda Industrial;BA
76248477240030;Fictícia Industrial SA;BA
21952945662386;Ltda Industrial Ltda;SP
04820842888203;Fictícia Fictícia Ltda;SC
08456114999827;Industrial Industrial Comercial;RS
10638348584391;SA Industrial Fictícia;PR
15796897696289;Industrial Empresa Ltda;BA
79842141379010;Industrial Comercial Empresa;SC
24763152022757;Empresa Fictícia Ltda;PR
92800308002003;Ltda Ltda Fictícia;RJ
63869556736192;Industrial Industrial Ltda;BA
55135303658042;SA Fictícia Fictícia;MG
33370823196860;Comercial Comercial SA;BA
56766402931774;SA Comercial Fictícia;RJ
30744105786908;Empresa Comercial Comercial;MG
62655467346369;SA Fictícia Industrial;RS
31990046846408;Industrial Fictícia Empresa;SP
20178200312944;Empresa Empresa Empresa;SC
14551358008739;Ltda Comercial Fictícia;MG
64349835483061;Ltda Comercial Empresa;BA
51482888404441;Industrial Fictícia Empresa;SP
87587118980378;Industrial Ltda Comercial;SP
71788390528861;Ltda Comercial Industrial;MG
09384270133470;Fictícia Industrial Comercial;PR
34031033480732;Empresa Comercial Empresa;BA
66654902684845;Industrial SA Empresa;MG
64511502006255;Industrial Comercial Comercial;PR
34691852590559;Comercial Fictícia SA;SC
02788329129729;Industrial SA Empresa;RS
21541544670949;Ltda SA Fictícia;MG
43372730818107;Fictícia SA Industrial;PR
08050616440474;Ltda Empresa Ltda;BA
65893109052943;Industrial Empresa Empresa;BA
54564634654147;SA Comercial Fictícia;RJ
26704470040949;Empresa Empresa Empresa;RS
02866997766560;Comercial Fictícia Industrial;SP
88440509089326;Ltda Industrial SA;SC
18061056312269;SA Fictícia SA;MG
23917074525994;SA Fictícia Comercial;SP
13404225536002;Industrial Empresa Empresa;MG
73901468590855;Empresa Fictícia Industrial;PR
84186467676825;Ltda Ltda Ltda;BA
26475658925268;Industrial Fictícia SA;SC
20501829755007;Industrial Empresa Industrial;BA
43523493276017;Ltda Empresa SA;BA
09982604718027;Industrial Comercial Comercial;BA
39462403841883;Comercial Industrial Comercial;PR
69070886823005;Empresa Ltda SA;SC
90717808745698;Comercial Fictícia SA;BA
20006572423816;Industrial Empresa Comercial;MG
08542601231275;Industrial SA SA;MG
81144830686007;Comercial Ltda Comercial;RS
23832063070113;Empresa SA Comercial;BA
45255788631262;Comercial SA Fictícia;RS
06640993274447;SA Industrial SA;SC
01638525456877;Ltda SA Comercial;SC
15820153371491;Industrial Fictícia Empresa;RJ
76906751557421;Industrial Fictícia SA;SP
33455606362054;Comercial Fictícia Empresa;RS
17073358115240;Comercial Ltda Fictícia;SC
33364760795637;Ltda Comercial Fictícia;RS
42538565634782;Industrial SA Empresa;SC
26335580060711;Ltda Ltda Fictícia;MG
52261267438175;Empresa Comercial Fictícia;MG
13341722963788;Fictícia Comercial Empresa;BA
38458675593299;SA Ltda Comercial;RJ
91622936012295;Comercial Ltda Industrial;SC
71857321620807;Fictícia Comercial Industrial;RJ
05796310929578;Ltda Empresa Industrial;MG
40178175029392;SA Comercial SA;RS
07724302191873;Industrial SA Fictícia;SP
24536342865522;Industrial Empresa Comercial;SP
86288192695001;Industrial Ltda Ltda;RS
17496635606291;SA Industrial Ltda;RJ
83966871853824;Ltda Comercial Comercial;PR
45535085973713;SA SA Comercial;PR
79349037000200;Fictícia Fictícia Industrial;MG
63072280231912;SA Empresa Empresa;RS
77389447466210;SA Industrial Industrial;SC
46129318937160;Comercial Fictícia SA;MG
70583596356562;Ltda Industrial Fictícia;SP
97078458079867;SA Ltda SA;BA
86258872857391;Industrial Comercial Ltda;RS
54112807101295;Fictícia Fictícia Comercial;RJ
63404001840388;Comercial Comercial Comercial;BA
90465182525454;Comercial SA Comercial;RJ
72629992623284;Empresa Empresa Fictícia;PR
13855141131694;Fictícia SA SA;RJ
62545902363768;Empresa Comercial Comercial;RS
87895948287718;Fictícia Industrial SA;BA
41302781214173;Industrial Comercial Ltda;BA
07148877932497;Comercial SA Empresa;SC
05930461331023;Ltda Industrial Ltda;RJ
26451151434244;Comercial Industrial Ltda;RJ
39630664603196;SA SA Ltda;MG
77159515091282;SA Comercial Fictícia;RS
63511463227380;Empresa Comercial Ltda;RJ
45165881494659;Industrial Ltda SA;RJ
18208562850884;Fictícia Ltda Comercial;SC
65188836126074;Comercial Ltda Fictícia;MG
17347159513476;Industrial Comercial Ltda;PR
04487830295774;Industrial Empresa SA;RJ
37308948351009;Ltda SA Ltda;RS
65003867476450;Industrial Industrial Fictícia;RS
68808538559745;Ltda Empresa Empresa;SC
50885898829977;Industrial Fictícia Comercial;RS
65878028549693;Ltda Comercial Fictícia;RJ
89620007399971;SA Ltda Empresa;MG
15837204897573;Ltda Comercial Comercial;SP
97633387616476;Ltda Industrial Ltda;SC
72214606415068;Fictícia Empresa Fictícia;RJ
81813010970430;Comercial Empresa Fictícia;RS
45851937398437;SA SA Comercial;BA
36579094663700;Industrial Fictícia SA;MG
47393800042240;Empresa Ltda SA;PR
97994877322196;Empresa Fictícia Industrial;RJ
72167848828350;Industrial Empresa Industrial;RS
98822654708282;SA Comercial Industrial;RS
00581473546552;Ltda Comercial Comercial;BA
54647834331250;Fictícia Fictícia Industrial;PR
35588226952752;Fictícia Industrial Ltda;MG
41888678146743;Comercial Comercial Empresa;SP
79331357457030;Fictícia Empresa SA;BA
21021925021697;SA SA Industrial;RJ
34718989831170;Comercial Industrial Comercial;RS
26594912199126;Fictícia Fictícia SA;SC
29825843976269;Fictícia Fictícia SA;MG
05512593437182;Ltda SA Industrial;BA
74755243926585;Empresa Comercial Industrial;SC
28491455630428;Comercial Empresa Industrial;SC
72454693833258;Industrial Empresa Fictícia;RJ
43075117655737;Comercial Empresa Empresa;RS
96485252464574;Industrial SA Industrial;RJ
15929883057956;Fictícia Fictícia SA;MG
94716819818051;SA SA Industrial;RJ
12354891519620;Comercial Comercial Ltda;RS
93408370918640;Fictícia Ltda SA;MG
65568319879306;Comercial Empresa SA;SC
72528869550998;Ltda Fictícia Fictícia;PR
52703469622755;Comercial Comercial Ltda;PR
47419559874586;Industrial Industrial SA;BA
23344004249731;Industrial SA Industrial;PR
84969489370367;Industrial Ltda Industrial;BA
16601904488094;SA SA Ltda;PR
06224115001069;Fictícia SA Empresa;PR
32462743523661;Industrial Fictícia SA;SP
65544022460821;Comercial Industrial Ltda;SC
49408501835944;Ltda Ltda SA;SP
98287884960060;Empresa Fictícia SA;RS
30333089150913;Comercial Comercial SA;SC
32364416844214;Comercial Comercial Ltda;RJ
25428415081033;Comercial Ltda Ltda;RJ
60410745629578;Fictícia SA SA;RJ
95286854999997;SA Ltda Comercial;RJ
65276173537007;Empresa Industrial Empresa;SC
15014833213779;Fictícia Fictícia SA;MG
62153114446171;Empresa Comercial Fictícia;RJ
38863788000822;Comercial SA Empresa;SP
15275838816896;Industrial Ltda Ltda;RJ
96868797917652;Ltda Fictícia Empresa;SP
17145044296071;Ltda Comercial Comercial;RJ
07953590099316;Ltda Comercial Fictícia;PR
89593065054535;Ltda SA Empresa;PR
83303095312439;Empresa Empresa Industrial;SP
16976403970797;Fictícia Fictícia Fictícia;RJ
84602790663633;Fictícia SA SA;SC
03693499682126;Industrial Industrial SA;RJ
63898423309077;Empresa Ltda Comercial;SC
86530084977297;Industrial Empresa Comercial;BA
20279742600416;SA Industrial Empresa;SP
42287835379509;Fictícia Ltda SA;SP
02141399272935;Fictícia Empresa Fictícia;MG
34403034437698;Fictícia SA Fictícia;BA
17088201166438;Empresa Industrial Comercial;RS
55070795273243;Industrial Comercial Comercial;BA
96509564531897;SA Empresa Ltda;PR
45282024806392;SA Industrial Industrial;RS
79512402433934;SA SA Industrial;SP
18840804418793;Industrial Empresa Comercial;SC
86123122753025;Empresa Empresa Fictícia;SC
26975808658490;Empresa Empresa Comercial;SC
52448819211779;Comercial Industrial Empresa;SP
88739105765556;Empresa Comercial Comercial;BA
28871472258614;Empresa Comercial Comercial;PR
78436361064482;Comercial Fictícia Industrial;RS
62988805653337;Empresa Industrial Comercial;PR
52825605037680;Empresa SA Fictícia;BA
99018220205784;Comercial SA SA;SC
56297063031222;Comercial Fictícia Industrial;RJ
88387107928704;SA SA Ltda;RS
26682776125441;Industrial Ltda Empresa;MG
78657832305552;Empresa Industrial Empresa;SC
74010379380911;Industrial Empresa SA;MG
08318833236627;Comercial Fictícia Ltda;RS
18008934596373;Industrial Ltda Empresa;BA
97511535557453;Ltda Fictícia SA;RS
87925583677172;Comercial Fictícia Comercial;RJ
79336074916305;SA Comercial Ltda;PR
72365666173534;SA SA SA;BA
71053925197637;Ltda Fictícia SA;SC
17022824720359;Empresa Ltda Comercial;RJ
16931006363643;Comercial Empresa Industrial;PR
80114269937706;Comercial Comercial Comercial;RS
44698575334104;Industrial Fictícia Comercial;BA
67964151929497;Comercial SA Industrial;PR
46502784263664;Fictícia Industrial Industrial;RS
07958885985435;Ltda Fictícia SA;SP
88532969943620;Comercial Fictícia Fictícia;SC
63649041937730;Industrial Industrial Industrial;RJ
25031526184938;Ltda Empresa Comercial;SP
60446478837341;Industrial Fictícia Comercial;RS
14078617784820;Empresa Fictícia Ltda;SC
01969676112403;Empresa SA Industrial;MG
35730752114913;Fictícia Empresa SA;PR
98588477483259;SA Fictícia Industrial;BA
59850949672581;Ltda Comercial Industrial;RJ
56347501726865;Comercial SA SA;RS
20099226402459;SA SA Comercial;MG
32769376782335;Fictícia SA Empresa;SC
03354409871520;Comercial SA Ltda;SC
18496832288556;Industrial Empresa Industrial;PR
47537005191392;Ltda Ltda Empresa;RJ
45093714358078;Comercial SA SA;RJ
47146310759213;Ltda Empresa Industrial;MG
40636310674839;Ltda SA Comercial;SC
93236866568062;Ltda Fictícia Industrial;PR
30553657890803;Ltda Ltda SA;SP
74972902291867;Empresa SA Industrial;SP
15611950664771;Fictícia Fictícia Fictícia;BA
73142622481898;Fictícia SA SA;SC
36200986655754;Ltda SA Comercial;RJ
49198625552778;Fictícia SA Fictícia;SC
32621789014963;SA Industrial Empresa;MG
33381936869545;Industrial Industrial Comercial;MG
75988652802713;Empresa Industrial Fictícia;MG
42292324872630;Comercial Comercial Fictícia;SC
45531543427972;Comercial Industrial SA;BA
82645026987152;Empresa SA Ltda;BA
47614597489681;Ltda Comercial Ltda;PR
83416657577970;Empresa Industrial SA;PR
71434611595405;Comercial Ltda Fictícia;BA
72051531826442;Ltda Industrial Industrial;RS
43949084947917;Empresa SA Ltda;SC
38726954321306;Fictícia SA Comercial;SP
74678033126467;SA Ltda Industrial;PR
53849023635957;Comercial Ltda Comercial;PR
10265729245278;Comercial Fictícia Empresa;MG
90525233754267;Empresa SA Industrial;RS
64816254504701;Ltda Fictícia Comercial;PR
69551075065657;Ltda SA Comercial;PR
08669523451236;Industrial SA Comercial;MG
52873540963819;Comercial SA Comercial;RJ
98618068687842;Fictícia Ltda SA;MG
26219657043556;Fictícia Comercial Industrial;MG
54680314468216;Ltda Industrial Ltda;PR
72645372971982;Fictícia Comercial Industrial;PR
43036563829524;Ltda Ltda Fictícia;SP
71804365288057;Ltda SA Fictícia;SC
36750501134284;Fictícia Industrial Ltda;SC
25498881351129;Comercial Industrial Fictícia;MG
82795386787522;Ltda Comercial SA;BA
32018418154443;Fictícia SA Industrial;PR
52671817153514;Empresa Comercial Comercial;MG
16603390746704;Empresa Comercial Industrial;SP
50964083383548;Industrial Ltda Comercial;PR
08707916249538;Ltda Empresa Empresa;MG
12469881898674;Industrial Ltda Industrial;PR
30139900114114;Empresa Ltda SA;RS
23345204244778;SA Industrial SA;RJ
63304715626142;Fictícia Ltda Industrial;BA
76310444984774;Comercial SA Ltda;RJ
64969581576210;Comercial Fictícia Ltda;RS
81191313055175;Ltda Industrial Empresa;BA
24567887636569;SA Comercial SA;RS
37754819816271;Comercial SA Industrial;RS
59957368319167;Comercial Fictícia SA;RS
35729409532191;SA Industrial SA;RJ
79291014732054;Fictícia Fictícia SA;RS
37074310457660;Empresa Empresa Ltda;SP
47649873148246;Fictícia Comercial Fictícia;BA
71982950453247;Fictícia Empresa Empresa;RS
25902470066605;Empresa Industrial Industrial;SP
83489428069952;Fictícia Comercial Empresa;SP
59041626694954;Empresa Fictícia Fictícia;RJ
94792436707205;SA Ltda Empresa;RS
68363812245558;Ltda Empresa Industrial;SC
68173000344141;SA Empresa Ltda;BA
64380751479498;Industrial Industrial SA;BA
14400330181853;Comercial Comercial SA;RJ
54753777809533;Industrial Fictícia Fictícia;MG
75571742027928;SA Empresa Ltda;MG
95440452252707;Industrial Ltda Empresa;PR
60572935930894;Empresa Fictícia Ltda;PR
97681227723849;Empresa Fictícia Industrial;MG
44018408451701;Comercial SA SA;PR
11446954000365;Empresa Empresa Ltda;BA
39071752378258;Comercial Industrial SA;BA
42386242136479;Industrial Ltda Empresa;PR
85641294905628;Comercial Empresa Empresa;SC
36632022509934;Empresa SA SA;PR
41915365254495;Fictícia Comercial Empresa;MG
50635053746007;Comercial SA Ltda;PR
68768621346831;Ltda Ltda Industrial;SC
49459405272116;Industrial Empresa Fictícia;PR
39565761504044;Ltda Ltda Fictícia;BA
62843310436201;Fictícia Fictícia Empresa;BA
83479585328963;Comercial Fictícia Industrial;BA
84549641918544;SA SA Fictícia;SP
80139321576816;Empresa Comercial Ltda;SP
08867801551643;SA Ltda Fictícia;RS
54016744667675;Ltda Industrial SA;SP
78007541302572;Empresa Industrial Comercial;RJ
00045970706995;Ltda Ltda Industrial;RJ
71326325955277;Comercial SA Fictícia;MG
53282968948908;SA Comercial Ltda;SC
07633930378582;Fictícia Fictícia Industrial;MG
70218943197953;Fictícia Ltda Comercial;SC
85210118972365;Empresa Empresa Ltda;MG
66089529772090;Industrial SA Fictícia;RJ
61270910257498;Comercial SA Industrial;BA
83722249438818;Empresa Fictícia Comercial;MG
23806271121881;Comercial SA Fictícia;RS
94201101097836;Comercial SA Fictícia;RJ
79195047172813;Industrial Comercial Industrial;SC
06778027416134;Fictícia Empresa Ltda;RS
84894790327387;Ltda Comercial Ltda;SP
83671959810280;Comercial SA Ltda;SC
87184688246800;Comercial Ltda Empresa;RS
97886685962754;Empresa Ltda Empresa;RS
23591163067716;Industrial Industrial Industrial;MG
52728367061627;Industrial Fictícia Fictícia;PR
37059315344549;Comercial Industrial Industrial;PR
77008679637994;Fictícia Ltda Industrial;SP
47943630921241;Comercial Fictícia Ltda;SP
86707179357294;SA Empresa Comercial;SP
10708880498560;Ltda SA Comercial;RS
00162565770819;SA Industrial Empresa;BA
21738409196269;SA SA SA;RJ
52910193893138;Comercial Fictícia Comercial;BA
25548501228657;Fictícia Empresa SA;PR
39987230773390;Empresa Comercial Empresa;BA
32156549170290;SA Ltda Empresa;RJ
22703822776512;Industrial Industrial Ltda;SP
23543278767847;Fictícia Empresa Fictícia;SP
02328338842985;Empresa SA Ltda;RS
64079113465139;Industrial Empresa Comercial;SP
69177605618462;Ltda Comercial Industrial;MG
15677747121089;Comercial Ltda Fictícia;BA
96012137473404;Fictícia Comercial SA;RJ
27465752689578;SA Comercial Industrial;RS
82579419832986;Fictícia Comercial Fictícia;MG
91899780689837;Industrial Ltda Industrial;SP
81716749135883;Industrial SA Comercial;BA
92172160312680;Industrial Industrial Comercial;MG
88750828920561;Fictícia Comercial Ltda;SP
05321131780545;Comercial Industrial Comercial;SC
68112266008245;Fictícia SA SA;SP
83882305745857;SA Comercial Industrial;MG
72086257962258;Industrial Ltda Empresa;SP
02460738063713;Industrial Comercial Ltda;PR
03436048064536;Fictícia Empresa SA;RJ
10440636565625;Ltda Comercial Fictícia;SP
95811925508182;Comercial Ltda Empresa;RJ
98670787176384;Ltda Empresa Empresa;RS
23316992763191;Industrial Fictícia SA;BA
85363372661996;Fictícia Comercial SA;RJ
64454700648785;Ltda Comercial Comercial;SP
55977351730404;Industrial Comercial Empresa;RS
21575772384287;Industrial Comercial Comercial;BA
55168965055783;Fictícia Empresa SA;MG
28405649513023;Comercial Empresa Industrial;RJ
50206970275819;Comercial Ltda Empresa;PR
74658005719682;Comercial Industrial Fictícia;PR
07946219886465;Fictícia Comercial Empresa;RS
61338180141235;Comercial Empresa Comercial;BA
51473495470711;Ltda Comercial Industrial;SP
12578126418335;Comercial Comercial Empresa;RS
33850475518869;Fictícia SA Ltda;MG
63503966218245;Comercial Empresa Fictícia;BA
95264304487091;Ltda Fictícia Comercial;RS
32462009232162;Empresa SA Comercial;MG
52650398748085;Industrial Comercial Ltda;BA
49704559389308;Comercial Empresa Industrial;PR
11425514179794;Empresa Empresa Empresa;BA
27390367431877;SA Industrial Empresa;BA
50949702681210;Ltda Fictícia Comercial;BA
52898379381766;Comercial Empresa Industrial;SP
89693445632437;Ltda Ltda SA;SP
46716068470486;SA Ltda Fictícia;BA
08335953661426;SA Empresa Fictícia;PR
68004534926753;Fictícia Empresa Industrial;BA
42038673146619;Empresa Ltda Empresa;MG
35319324453814;Comercial Fictícia Industrial;SC
10835678666870;Industrial Fictícia Fictícia;RJ
29377617916646;SA SA Comercial;RJ
10541491571407;Industrial Empresa Empresa;RS
46047040974499;Empresa Industrial SA;MG
32102968197827;Fictícia Comercial Industrial;SC
59615140249419;Industrial Industrial SA;RJ
75097097682077;Industrial SA Fictícia;SC
01952120627549;Ltda SA Comercial;SP
90966485586092;SA SA Industrial;SP
41486171185571;Empresa Empresa Industrial;PR
30224123074844;SA Fictícia Empresa;RJ
61662485087178;Fictícia Fictícia SA;PR
13638116836264;Empresa Ltda Empresa;SC
60193368356992;Industrial Industrial Empresa;RJ
86918052903545;Fictícia Comercial Ltda;PR
21187664118517;SA Comercial Industrial;RJ
79146540912704;Comercial Industrial Industrial;SP
53124642644172;Ltda Comercial Comercial;PR
74328796175458;Fictícia Empresa Industrial;BA
78415834249992;Comercial Comercial Fictícia;RS
81736424898212;Comercial Fictícia Ltda;BA
44090980025739;Ltda Ltda Industrial;PR
13788619229653;Empresa Industrial Fictícia;PR
23481430667812;Industrial Comercial Ltda;SP
71418089252390;SA Comercial Fictícia;SP
28614553330772;SA Empresa SA;RJ
85826887217821;Ltda Comercial Ltda;SC
72858040668218;Ltda Empresa Ltda;SC
56755360578133;Empresa Empresa Ltda;RJ
84920468577236;Empresa Empresa SA;SC
31213164938539;Fictícia Industrial Industrial;MG
66374090809468;Empresa Fictícia Industrial;RJ
03767585710287;SA Empresa Fictícia;BA
51573486631718;SA Ltda Ltda;PR
73422342605650;SA Ltda Industrial;PR
87369405616866;SA SA Fictícia;SP
53789802681952;Fictícia Empresa Empresa;PR
81036464556538;Empresa SA Fictícia;MG
42544202657826;Industrial Industrial Industrial;MG
30094830002351;SA Empresa Ltda;RS
01028542814164;Fictícia Empresa Empresa;BA
53846253221716;Fictícia Empresa Industrial;SC
05223696463837;Ltda Industrial Ltda;SC
52481205362237;Ltda Empresa SA;PR
36565933461742;Industrial Empresa Comercial;BA
53450659572128;SA Fictícia SA;SC
08505130436368;Comercial Industrial SA;RS
57570080877374;Industrial Fictícia SA;RS
51346693711442;SA Ltda Comercial;SC
05534419882334;Industrial Fictícia Empresa;RS
82815905268744;Empresa Ltda Empresa;RS
05463954320540;SA Industrial SA;RJ
81704103174957;Fictícia Ltda Ltda;SP
23037281269961;Comercial Industrial Fictícia;SP
09403232212623;SA Ltda Fictícia;RJ
97517377817804;Comercial SA SA;RS
61950359845206;Ltda SA Ltda;SC
93514658021388;Ltda Industrial Comercial;BA
52632078433380;Ltda Comercial Fictícia;BA
38154778398411;Industrial Comercial Ltda;RS
61065782773484;Ltda SA Empresa;SP
21299557835133;Ltda Fictícia Comercial;SC
35386150477824;Comercial Comercial Industrial;MG
79865258154410;Industrial Empresa Fictícia;RJ
78456099737748;Fictícia Ltda Comercial;SC
24672043899718;Industrial Fictícia Industrial;SP
10624864160281;Fictícia Ltda Ltda;BA
85696662780875;Fictícia Ltda Industrial;RJ
96906325119348;Ltda Comercial Ltda;MG
86598033037675;SA SA Comercial;SP
19293747502605;Ltda Fictícia Fictícia;RJ
99449726441941;Ltda Ltda SA;SC
53141575767670;Fictícia SA Industrial;PR
59281213909979;SA SA Fictícia;BA
34331742171912;Fictícia SA Fictícia;RJ
55136655964316;SA Ltda Empresa;SC
44665623473443;Ltda Fictícia Comercial;BA
89329454838392;Ltda Ltda Comercial;SC
94534235859880;Empresa Ltda Ltda;PR
49564821550083;SA Comercial Ltda;PR
01314752229223;Ltda Empresa SA;RJ
95603433081436;Ltda SA SA;RJ
01594952932202;SA SA Industrial;BA
91110556865435;Industrial Ltda Industrial;SP
73268032371486;Comercial Fictícia Ltda;SC
45631037514011;Comercial SA SA;RS
05515127723927;Industrial Ltda Empresa;RS
42567959632589;Industrial Comercial SA;SP
56699317509992;Empresa Comercial Empresa;RJ
44696553912362;Ltda Fictícia Ltda;BA
24502832649335;Industrial Comercial Comercial;MG
41204330945193;Fictícia Industrial Empresa;BA
20956668841411;Empresa Empresa Comercial;MG
58982294329070;Empresa Ltda Empresa;SP
22189334262382;Industrial SA Fictícia;SP
83200432815567;Industrial Industrial SA;PR
41911375852219;Comercial Empresa Industrial;PR
10988956544267;SA Ltda Ltda;PR
52866035387034;Ltda Fictícia Fictícia;MG
06337806189358;SA SA SA;PR
42355110599540;Ltda Comercial Industrial;RJ
63326690947903;Fictícia Fictícia Fictícia;RS
92451104463672;Empresa Empresa SA;RS
90433796491897;SA Industrial Empresa;SP
08998570469752;Ltda Empresa Comercial;MG
94255571829861;Empresa Comercial Comercial;MG
31774463629560;Ltda SA Industrial;SP
40918662165443;Industrial Ltda Ltda;BA
23623117813283;Ltda Fictícia Comercial;PR
76448275168079;Fictícia Industrial Industrial;SC
06151151636082;Comercial Ltda Industrial;SC
91771440863415;Ltda Comercial Empresa;PR
74573394339971;Comercial Fictícia Fictícia;SC
42428884991744;Industrial Comercial SA;SP
00217713318402;Fictícia Fictícia Comercial;RJ
69431510733696;Fictícia Empresa Ltda;MG
56645545819135;Fictícia Comercial SA;SP
00996357779416;Empresa Empresa Empresa;SC
79046562081788;Comercial SA Fictícia;MG
53611541564492;Comercial SA Comercial;RS
63165208373854;Ltda Industrial SA;SC
93680679862562;Fictícia Comercial Comercial;BA
28064855356763;Empresa Industrial Ltda;RJ
88739095103858;Fictícia SA Empresa;RJ
63120305494961;Empresa Comercial Comercial;MG
27505994679047;Fictícia Empresa Empresa;MG
94298068015606;SA SA Industrial;BA
74821022860637;Ltda Comercial Ltda;SP
44109563799729;SA SA SA;BA
03806858174672;Industrial Ltda Comercial;SC
10779272493366;Ltda SA Fictícia;SC
58178333858100;Industrial Comercial Empresa;RJ
50231743560529;Ltda Empresa Comercial;PR
87871365088129;SA SA Industrial;SP
26483132515075;Ltda Comercial SA;MG
18678145818378;Industrial Ltda Comercial;SP
68933091269182;Comercial Industrial Fictícia;MG
48942060295527;Fictícia Comercial Ltda;MG
18570557287699;SA Ltda Empresa;PR
83259830359138;Industrial Comercial Industrial;PR
41623405263847;Fictícia SA Fictícia;RJ
84945253980664;Ltda SA Industrial;BA
64424042226397;Empresa Industrial SA;MG
89699478161579;Fictícia Industrial Industrial;PR
47491641297252;Fictícia SA Comercial;RS
49597960419867;Industrial Industrial Empresa;SC
95657462834940;Comercial Ltda Comercial;SP
94294046235824;Ltda SA Comercial;RS
49490745721844;Industrial Industrial Comercial;PR
17489632656651;Fictícia Industrial Ltda;SC
22382693212077;Ltda Ltda Comercial;BA
19754254172725;Comercial Industrial Industrial;RJ
67653400311244;Ltda Fictícia Fictícia;RS
15349937844345;SA Ltda Ltda;PR
64079301109796;SA Ltda SA;MG
76315880082273;Fictícia Empresa Comercial;SC
02277331452742;SA Ltda Comercial;PR
85238441965796;Empresa Empresa SA;BA
03978154328446;Empresa SA Ltda;BA
13683628281727;Comercial Comercial Industrial;PR
78048469658534;Ltda Comercial SA;SC
99418339926126;Comercial Fictícia Comercial;MG
13242641125035;Industrial Fictícia Ltda;SP
08748139854923;Ltda Empresa SA;RS
60717191748158;Empresa Industrial SA;SC
59364700200635;Ltda Industrial Empresa;SC
68879030618458;Industrial Comercial Industrial;BA
86229113051246;SA Comercial Ltda;RJ
97270287970357;Ltda Empresa Fictícia;RS
45690823947505;SA Empresa Fictícia;MG
86506635709544;Industrial Fictícia Empresa;MG
29398575556472;Ltda Ltda SA;RS
13138510402694;Empresa Empresa Empresa;RS
81443632377141;SA Ltda Comercial;PR
67672072325617;SA Ltda Ltda;SC
44091226789509;Comercial Empresa SA;SC
92726495144477;Industrial Industrial Fictícia;PR
38180131706469;Fictícia Industrial Fictícia;MG
34633424106450;Ltda Empresa Comercial;RJ
35524165792479;Ltda Empresa Comercial;SC
37619987341266;Industrial SA Empresa;RJ
71651101912534;Empresa Fictícia Comercial;RS
75589792196729;Empresa Industrial Comercial;PR
23704848417506;Comercial Fictícia Comercial;PR
17927746087615;SA Comercial Comercial;BA
09737323633106;Empresa Fictícia Ltda;PR
87321719996477;Industrial Fictícia Industrial;BA
06133214288382;SA Ltda Ltda;BA
29125302127093;Fictícia SA Ltda;PR
85536025449640;Comercial Comercial Comercial;RS
58222307672985;Comercial Industrial SA;RJ
02308117266352;Industrial Fictícia SA;RS
52579262543430;Industrial Ltda Industrial;BA
10741685254126;SA Comercial Comercial;PR
20623420392888;Comercial Comercial Empresa;MG
13686211577214;Empresa Fictícia Ltda;BA
43051528852236;Fictícia Ltda Industrial;MG
06039008939608;Ltda Industrial Industrial;RJ
09942655503743;Comercial Industrial Ltda;BA
30385983929881;Empresa SA Empresa;RS
19921130583339;Fictícia Comercial Ltda;BA
10111231550295;Empresa SA Empresa;MG
13695702244413;SA Ltda Industrial;MG
03531654800308;Comercial SA SA;SP
16666954562347;Ltda SA Fictícia;SC
76258906932394;Ltda SA Ltda;BA
21700789739010;Ltda Industrial Industrial;BA
84854697222469;Industrial Ltda Empresa;PR
36969761614044;SA Ltda Fictícia;SC
72680817610774;Ltda Ltda Industrial;MG
31502893304497;Ltda Industrial SA;RS
90430894868622;Ltda SA SA;RJ
50151061417541;Comercial Empresa Fictícia;RS
51272603960091;Fictícia Empresa SA;SP
40651267092679;Industrial Empresa Empresa;BA
20514913187943;Empresa Empresa Empresa;RJ
64873981079609;Industrial Comercial Comercial;RJ
87741106445633;Fictícia Ltda Industrial;SP
75094045246034;Industrial Comercial Comercial;SP
17993869159081;Comercial Comercial SA;SC
40382269952731;Comercial Fictícia SA;MG
67416198564305;Comercial Comercial Comercial;SC
58387646001543;Industrial SA Comercial;PR
01116397378021;SA Ltda Empresa;BA
71974783772845;SA Empresa Ltda;RJ
54144529741199;Comercial Fictícia SA;PR
65988685024872;Industrial Ltda Fictícia;MG
62692419698347;Comercial Empresa Comercial;RS
96778970148135;Industrial Empresa Comercial;SP
05104481140757;SA SA SA;RS
96808553791235;Comercial SA Comercial;SP
61860980169469;Fictícia Industrial SA;PR
53645807139068;Ltda SA Empresa;SC
89443206241801;Comercial Industrial Fictícia;SC
44033516876157;Ltda Industrial Ltda;PR
06246279060920;SA Ltda Industrial;SP
74328141051876;Empresa Empresa Ltda;RJ
08981289559513;Industrial Ltda Ltda;BA
80379707242593;Fictícia SA Industrial;RS
90684209870908;Industrial SA Industrial;RJ
48851380335136;SA SA Comercial;RS
34399920404292;SA Industrial Empresa;PR
04401587445104;Fictícia SA Industrial;PR
08801183164210;SA Ltda Empresa;BA
15091399055160;Fictícia SA Comercial;MG
22520016677897;Industrial Comercial SA;SC
13103147989305;Comercial Industrial SA;SP
45064327019178;SA Fictícia Industrial;PR
14564757884136;Comercial Fictícia Fictícia;MG
11646754931340;Industrial Fictícia Comercial;SP
96208072586892;Empresa SA Comercial;SC
37115856925425;Ltda Industrial Ltda;PR
65106654336575;Comercial SA Ltda;BA
94570488841777;Empresa SA SA;RS
42001037063565;Industrial Comercial Fictícia;RS
05704169097211;Comercial Industrial Empresa;RJ
72661753448742;SA Fictícia Ltda;SP
48296068763651;Industrial Empresa Ltda;SP
07870274221009;Fictícia Ltda SA;SP
75306709465541;Comercial Comercial Industrial;MG
13186942952229;Fictícia SA Industrial;BA
92139657264030;Ltda Fictícia Empresa;SC
78622138814194;Fictícia Ltda Ltda;RS
14413751439699;Comercial Comercial SA;MG
40328992208373;Industrial Ltda Fictícia;RJ
62282915894698;Empresa Fictícia Ltda;RJ
42294319568348;Industrial Industrial Fictícia;PR
56822513595551;SA SA Comercial;SC
27882871378202;Fictícia Fictícia Comercial;SP
47201393461525;SA Comercial Empresa;PR
42228768319874;Industrial Fictícia Comercial;RJ
90815491384814;Ltda Empresa Industrial;RS
58380016962516;SA Fictícia Comercial;BA
08393121842375;Industrial Comercial Ltda;MG
36012468571883;Industrial Industrial Empresa;MG
30934366159249;Fictícia Fictícia SA;RS
62707323876746;Empresa SA Comercial;PR
33738518130210;Ltda Empresa Fictícia;SC
18209712446245;Empresa Fictícia Fictícia;RS
67698743546341;SA Fictícia Comercial;MG
11517978908898;SA SA Industrial;SC
27866305109320;SA Industrial Ltda;BA
