cnpj;nome
02082495288134;Industrial Ltda Industrial
98862682452215;Comercial Ltda SA
34731619561775;Fictícia SA Comercial
37418319071406;Comercial Comercial Industrial
43518885123931;Industrial Ltda Comercial
24717933819588;Ltda Fictícia Empresa
27958974514750;Industrial Ltda Fictícia
15626694229069;Ltda Fictícia Ltda
11885913463041;Industrial Fictícia Industrial
22563731175541;SA Industrial Fictícia
83733647091058;SA Industrial Ltda
21278159886701;Empresa Fictícia SA
23063007146358;Ltda Industrial Ltda
12382161690356;SA Comercial Comercial
23587105655334;Comercial Industrial Empresa
51157640225535;Fictícia Fictícia Industrial
87628289838214;Empresa Industrial Industrial
90410209590503;Fictícia Industrial Comercial
72491122373152;Empresa SA Fictícia
58718555748436;Empresa Fictícia Fictícia
59294376602138;Fictícia Industrial Ltda
73286245053068;Empresa Fictícia SA
21129904776609;Industrial Ltda Comercial
10120573264205;Empresa Ltda Comercial
85931339052730;Industrial Empresa Fictícia
05570847374978;Empresa Industrial Ltda
69696711627888;Industrial Ltda Empresa
85070769728528;Industrial Empresa Comercial
74741877207752;Industrial Industrial SA
54767213904948;Ltda Empresa Empresa
51967356937714;Fictícia Fictícia Industrial
73807849982007;Fictícia Ltda SA
01637506715936;Comercial SA Ltda
67141568755177;Fictícia Ltda Fictícia
16851458659843;Fictícia Comercial Ltda
11199759436638;Fictícia Comercial Fictícia
20100512865969;Empresa Industrial SA
98656703419263;SA Fictícia Ltda
71605038432677;Comercial Comercial Fictícia
42719008616333;Ltda Empresa Fictícia
40368455700449;Empresa Ltda Ltda
86838346812919;Industrial Empresa Industrial
24615970072398;Fictícia SA Ltda
07028379983322;Ltda Fictícia Empresa
16653924258086;Comercial Empresa Ltda
27945150842000;Fictícia Empresa SA
32601168775844;Empresa SA Empresa
46396882679176;Ltda Ltda Fictícia
47090057984830;Fictícia Empresa Industrial
91362816409931;Fictícia Comercial Industrial
71129550480877;Industrial Ltda Fictícia
12286502931493;Fictícia Fictícia SA
55012236452966;Industrial Ltda Comercial
91219519788272;Empresa SA Empresa
17780111119756;Empresa Ltda Empresa
01760887277696;Empresa Ltda Comercial
07077113243187;Ltda Fictícia Fictícia
09143944568824;Empresa Ltda Comercial
18674015749613;Fictícia Industrial Empresa
09272862980849;Comercial Ltda Empresa
38831989650406;Ltda Comercial Empresa
00932273863764;Empresa SA SA
08637077237247;Industrial Empresa Ltda
75590220696931;Ltda Empresa Industrial
84885844733034;Ltda Ltda Fictícia
00684103605559;Ltda Fictícia Fictícia
94874382587548;SA Ltda SA
34045777405381;Empresa Fictícia SA
57283049531327;Industrial SA Comercial
77003626972955;SA Fictícia Comercial
66966662123875;SA SA Fictícia
61255062500112;Industrial Comercial Industrial
19973681948889;Fictícia Fictícia SA
42453693417625;Empresa Comercial SA
06215572139207;SA SA Ltda
20582611231007;Ltda SA Empresa
60068186034016;Industrial Fictícia Industrial
04669207376006;Fictícia Industrial SA
79044030000744;Comercial SA Industrial
99483897317972;Comercial Fictícia Empresa
94804819287864;Fictícia Empresa Fictícia
23125862521868;Comercial Ltda Empresa
41469871698464;SA Fictícia Comercial
46441391543551;Fictícia Fictícia Ltda
51430415875389;Comercial Empresa Industrial
19195433466779;SA Industrial Industrial
60827181376419;Industrial Comercial Ltda
00756032622258;Empresa Comercial Fictícia
87114619055661;Empresa Empresa Industrial
33381044314604;Empresa Industrial Fictícia
67310160791318;Empresa Ltda Comercial
03496391638818;SA Fictícia Industrial
44344095419801;Empresa Comercial Fictícia
85337395560824;Comercial Ltda Comercial
66445466134218;Empresa Industrial Comercial
89117671359686;Ltda Empresa Fictícia
01963966582576;Industrial Industrial Empresa
98601599473389;Fictícia Industrial Comercial
53026695595554;Comercial Industrial Ltda
77136561943281;Fictícia Comercial Ltda
93127677388941;Empresa Fictícia Empresa
97575031499491;Industrial Ltda Comercial
63110862752706;SA Comercial SA
38582698500211;Fictícia Empresa Empresa
68131329105453;SA Industrial SA
59677499568322;Industrial Comercial Fictícia
02257642376821;Fictícia Fictícia Ltda
11399830347113;Fictícia SA Industrial
82160847412942;Fictícia SA SA
97315173383769;Ltda Fictícia Industrial
59629012320647;Empresa Empresa Ltda
27061755662182;Ltda SA SA
80235795258581;Industrial Fictícia Ltda
67028157090287;Empresa Fictícia Industrial
05299891697032;Fictícia Fictícia SA
67803122564095;Empresa Industrial Industrial
38170978966085;Industrial Ltda Empresa
41461645256476;Comercial Comercial Empresa
29937890820796;Fictícia Industrial Industrial
12125016308671;Industrial Comercial Fictícia
53208184824770;Ltda Industrial SA
55971547270711;Industrial Empresa Industrial
80564399691913;Fictícia SA Ltda
49651887826618;Comercial Industrial Comercial
38158372873946;Fictícia Comercial Empresa
05860990238302;Ltda SA Empresa
98012634283811;Empresa Ltda Ltda
01022324638003;Comercial Fictícia Industrial
62510173527943;SA Fictícia Industrial
77281231725790;Industrial Ltda SA
12346466474519;Ltda Empresa Comercial
05541216828614;Comercial Fictícia Fictícia
05169242592160;SA Empresa Ltda
93267915009910;Ltda Fictícia Empresa
47553304516924;Ltda Ltda Industrial
31246289339164;Fictícia Industrial Empresa
69677170751760;SA Comercial Industrial
21066951054899;Comercial Ltda Fictícia
30541862352275;Ltda Industrial Ltda
03170302946780;Ltda Ltda SA
46553505945256;Empresa Empresa Empresa
55056961016798;Comercial Fictícia Ltda
38499226357023;SA Fictícia SA
79810599892189;Comercial Fictícia Empresa
03990890321694;Industrial Empresa Ltda
38568014917194;Fictícia SA Empresa
83666810127424;Comercial Industrial Empresa
85600980125653;Ltda Industrial Empresa
52717476780670;Comercial Fictícia Industrial
57811271931629;Empresa Ltda Empresa
33224651306419;Empresa Comercial SA
20395104170514;Empresa Ltda Comercial
53387821767705;Fictícia Empresa Comercial
76713081644868;SA Comercial Industrial
02939062373561;SA SA Empresa
13743155041765;Empresa Empresa Ltda
03196573286816;Fictícia SA Industrial
05869626106332;SA Comercial Empresa
13565826854168;SA Comercial SA
61853955049429;SA Empresa Industrial
21995780603471;SA Comercial Fictícia
69067447017267;Fictícia Ltda Comercial
60843833827415;Ltda Empresa Comercial
04851015512232;Empresa Empresa Empresa
27762184381270;Comercial Comercial Comercial
96484061253230;Comercial SA Industrial
65917227310367;SA Ltda Comercial
91100084362888;Fictícia Fictícia SA
54055004536008;Comercial SA Empresa
56864501344061;Fictícia Fictícia Fictícia
54217734172027;Empresa Fictícia Ltda
09056951238446;SA Empresa Fictícia
07263446166052;Comercial Fictícia Ltda
48160195344461;Ltda Fictícia Fictícia
42878422707249;Empresa Industrial Ltda
58937930132605;Ltda SA SA
56675245593922;Empresa SA Industrial
73806662162251;Industrial Fictícia Empresa
57283383804959;Ltda Comercial Fictícia
78237204516183;Empresa Ltda Comercial
78246841812107;Industrial Empresa Empresa
24682786251842;Comercial Fictícia Fictícia
86987428334967;Ltda SA Industrial
38081544933420;SA SA Ltda
93984105621116;SA Industrial Ltda
92247029024210;Fictícia Industrial Comercial
83157312909837;Comercial SA SA
51738551594227;Ltda Ltda SA
99212774109821;Comercial Empresa Empresa
06195310369989;Empresa Comercial Fictícia
46387997563705;Ltda SA Comercial
39393447997997;Ltda Comercial Comercial
09861305678825;SA Comercial SA
37387962652794;Comercial SA Ltda
06952350900514;Industrial Ltda Fictícia
82427532986174;Fictícia Industrial Industrial
59775055164344;Industrial Fictícia SA
25025598016736;Industrial Empresa Empresa
71595339774775;SA Fictícia Industrial
31022464827110;SA Industrial Fictícia
96908144436478;Industrial Comercial Industrial
16924276663760;SA SA SA
76611981788051;Empresa Ltda Empresa
65561162889733;Ltda Fictícia Fictícia
90998713922719;SA Comercial Ltda
21054278851052;Comercial Comercial SA
38063816796005;Fictícia Ltda SA
92961629483052;Industrial Ltda SA
93976575109923;SA Ltda Fictícia
93160671098652;Comercial Fictícia Empresa
74563470487820;Comercial Fictícia SA
50495662107617;Industrial Fictícia Industrial
10948840473575;Ltda SA Comercial
88123218994950;Industrial Empresa Fictícia
26119447593608;Industrial Empresa Industrial
53874077594564;Industrial Fictícia Industrial
12491210873051;Empresa Fictícia Ltda
00214191217519;Comercial Empresa Comercial
28715168597323;Industrial Fictícia Industrial
69877483970514;SA SA SA
42727805282480;Empresa Comercial SA
13455662793746;Empresa SA SA
79785865232102;SA SA Ltda
89760929502015;SA Empresa Ltda
80111311016392;Industrial SA Industrial
67127988005773;Ltda SA SA
75016456643139;Industrial SA Comercial
13851490041923;Empresa Ltda Comercial
06865189053055;SA Empresa Ltda
90457667056586;Fictícia Industrial Industrial
43748534386224;Fictícia Ltda Industrial
61374854154161;SA SA Ltda
31617402946970;Empresa Fictícia SA
02454913510666;Fictícia Industrial Empresa
85296855069935;Industrial SA Ltda
04250243762745;Fictícia SA SA
18214615499547;Comercial Fictícia Industrial
39591235667923;Industrial Ltda Fictícia
39006351999823;Comercial Comercial Empresa
80668874507141;SA SA Ltda
61098864108123;SA Ltda Industrial
23745837599366;SA SA Ltda
39165472221762;Fictícia Ltda Comercial
57622834366264;Comercial Ltda Comercial
08537514922814;Fictícia Fictícia Industrial
38597479936851;Empresa Ltda Comercial
24388144798640;Comercial Ltda Empresa
77161111882534;Fictícia Ltda Industrial
57498459065899;Empresa SA Comercial
80493506185926;SA Empresa Industrial
13647406304140;Ltda Ltda Comercial
84613694566244;SA Empresa Empresa
94198057707837;Industrial Empresa Fictícia
36481367484857;Industrial SA Industrial
97998480676254;Fictícia Ltda Empresa
31434062343439;Ltda Empresa Comercial
00996019938972;Fictícia Ltda Fictícia
36094690091544;SA Fictícia Industrial
07952621978742;Ltda Empresa Comercial
89570543195067;Fictícia Ltda SA
98781140116949;Empresa Empresa Fictícia
27137905752040;Industrial SA Empresa
72494841817707;Industrial Comercial SA
09121177867370;Fictícia Ltda SA
68757411044909;Fictícia SA Industrial
84986903781486;SA SA Comercial
49377876109870;Fictícia Comercial Comercial
78335685397238;Industrial Ltda Comercial
19358753796776;Industrial Ltda SA
78943128758675;SA Comercial Empresa
37849080896064;Empresa Comercial Comercial
62239480921173;Industrial Fictícia Empresa
28552512036650;Industrial SA Fictícia
94139148825350;Empresa Fictícia SA
22643854397749;SA Fictícia SA
39652420481870;Industrial Empresa Ltda
56062644325744;Empresa SA Industrial
46509140176578;Fictícia SA Ltda
51650991467562;Industrial Fictícia SA
68669438608269;Empresa SA Empresa
62743403760626;Empresa SA Ltda
47336849997377;Ltda Ltda Fictícia
86834246450635;Ltda SA Ltda
48659255465883;Comercial Comercial Comercial
44907131393525;Ltda SA SA
79785849309366;Ltda Industrial Fictícia
76098563871351;Empresa Empresa SA
83424017826901;Ltda Empresa Empresa
14732693208525;Industrial SA Ltda
04792671023433;SA SA Industrial
01732368449142;Comercial Industrial Fictícia
11367418316130;Comercial Empresa Fictícia
54666011884508;SA Fictícia Ltda
86104854617598;Comercial Comercial Comercial
42377082189196;Industrial Fictícia Fictícia
27570302279089;SA Industrial Fictícia
21389480868110;SA Ltda Ltda
28302859906638;Empresa Comercial Comercial
08696726090164;Ltda SA Empresa
78170929747683;Industrial Industrial SA
93171538236184;Comercial Empresa Comercial
78147188980392;Comercial Comercial SA
42814771620116;Fictícia SA Fictícia
21813250391395;Empresa SA Industrial
52875778429951;Ltda Comercial Industrial
63532605666629;Fictícia Industrial Fictícia
03629368069082;Ltda Fictícia Fictícia
67537315203451;Empresa Comercial Empresa
10422667325838;SA SA Comercial
56871814080609;Ltda Comercial Industrial
35466417306457;Industrial Fictícia Ltda
86257144219928;Empresa Ltda Fictícia
50115429600053;SA Comercial Ltda
71760155743656;Industrial SA Industrial
96591004642386;Fictícia Industrial Industrial
53614088393479;Ltda Comercial Industrial
35913609156650;Comercial Comercial Industrial
23533686110705;Comercial Industrial Comercial
92219401667181;Ltda SA Empresa
70206711155474;Comercial Empresa Comercial
07307588418458;Comercial Ltda Empresa
64206430850171;Ltda Empresa Comercial
02784320172955;Ltda Ltda Empresa
48894392464500;SA Fictícia Empresa
55444835208643;SA Fictícia Fictícia
75880499079132;Fictícia Fictícia Empresa
51234513635497;Fictícia SA Empresa
26284040952403;Ltda SA Ltda
09650198506168;Empresa Comercial SA
81341738873547;Ltda Industrial Comercial
84274026646080;Fictícia SA Empresa
04216044064459;Comercial Industrial Industrial
67251223513297;Fictícia Fictícia Fictícia
52665671048020;Fictícia Comercial Comercial
17039888677372;Comercial Empresa Ltda
18087326944577;Ltda Ltda Empresa
81166953974319;Industrial Comercial Fictícia
06294717909033;Ltda Fictícia Ltda
68122780817938;Fictícia Comercial Fictícia
37475925571019;Comercial Empresa Industrial
98394155010883;Comercial Industrial Empresa
94501798929514;Empresa Fictícia Ltda
53458109855658;Ltda Ltda Comercial
39585398385374;Fictícia Comercial Industrial
05461456675018;SA Ltda Empresa
13243099345539;SA Fictícia Ltda
12865106128352;SA Empresa Ltda
50157783056088;Fictícia Fictícia Ltda
98943688466585;Comercial Comercial Industrial
17410428236934;Fictícia Fictícia Industrial
97007625954234;Ltda Industrial Industrial
17602167753165;Ltda Industrial Ltda
54834307510167;SA Industrial Fictícia
18146268740475;Ltda SA SA
71978396405481;SA Fictícia Industrial
17603185614017;SA Empresa SA
15061063359819;Ltda SA SA
21141878028244;Fictícia Comercial SA
84027527548012;SA Comercial SA
50780248416899;Comercial SA Industrial
19212687934437;SA Industrial Fictícia
39276605447394;Industrial Ltda Ltda
08406141258533;Fictícia SA Empresa
12693516278440;Empresa Empresa SA
04829042262542;Empresa Ltda SA
49505700343353;Ltda Industrial Ltda
69642598646214;Ltda Empresa Empresa
52942218057183;Comercial Empresa Empresa
41733043957162;Ltda Empresa Fictícia
43578228466868;Fictícia SA Industrial
48293454830594;Fictícia Empresa SA
82469891501956;SA Comercial Comercial
66968539120302;Comercial Comercial SA
11306210430303;Empresa SA Empresa
09245546312408;Comercial Empresa Empresa
93364762946700;Comercial SA Fictícia
33504008223468;Empresa Empresa Empresa
48108671754194;Ltda Industrial Comercial
24258364615989;SA Comercial Industrial
16219885389207;Empresa Fictícia Comercial
36662449145902;Ltda Fictícia Empresa
78616716621346;SA Empresa Ltda
98670761813539;SA Ltda Industrial
56191428046169;SA Ltda Fictícia
95847861746942;Fictícia Fictícia Ltda
58711650267022;Empresa Industrial Industrial
02490784066811;Industrial Fictícia SA
31217638137060;Industrial Empresa Ltda
85646417665912;SA Empresa Industrial
44593217145700;Comercial Industrial SA
05443950023624;Industrial Empresa Industrial
58882929417732;Comercial Industrial Fictícia
65174805431915;Ltda Industrial Ltda
85398288285521;Ltda Empresa Ltda
43232125643490;SA Industrial Industrial
88462840753769;SA Ltda SA
33545749784506;SA Ltda Empresa
31339714291541;Empresa Fictícia Comercial
28085082066491;Ltda SA Comercial
42913029824230;Empresa Industrial Fictícia
89539541952014;SA SA Empresa
61082739714585;Comercial Comercial SA
44829730431760;Comercial Ltda Industrial
07836500967167;Comercial Fictícia Ltda
75149331498168;Ltda Industrial Ltda
38235035146158;SA SA Fictícia
82400848265735;SA Industrial Empresa
38516589870522;Comercial SA Comercial
66842279810443;Ltda Comercial SA
89700278844610;Industrial Comercial Industrial
25476997735396;SA SA Fictícia
41856743442308;Comercial Industrial Industrial
55515171944271;Industrial Industrial Empresa
47843780669985;Industrial Empresa Fictícia
49837092039055;Comercial Comercial SA
45386904602002;Ltda Fictícia SA
37582693892567;Fictícia Ltda Fictícia
74865587900229;Comercial SA Comercial
02190681829318;Fictícia Empresa Empresa
91369887701567;Ltda Fictícia Comercial
12142943448494;Comercial SA Fictícia
08313224174757;Ltda Fictícia Industrial
47185531925265;Comercial Ltda Ltda
68611280883773;Empresa Comercial SA
17823545790814;Empresa Empresa Ltda
76551945673277;Comercial Ltda Fictícia
82486451692192;Ltda Industrial Comercial
60364885515332;Fictícia Industrial Comercial
89744907461665;Comercial Comercial Comercial
04483820834060;Ltda Fictícia SA
40181525071262;Comercial SA Empresa
11757535329042;Comercial Fictícia Fictícia
04979584247852;Fictícia SA Empresa
81150833601194;Empresa Industrial Ltda
39345494214744;Ltda SA Empresa
77107503843509;Ltda Industrial Empresa
54219709631338;Empresa Comercial Fictícia
40630417205852;SA Ltda Industrial
66592191362250;SA Fictícia Fictícia
67566613707303;Ltda Empresa Fictícia
64629873024624;Industrial Industrial Ltda
83317580780260;SA Fictícia Comercial
72442177773775;Industrial Ltda SA
42003097923444;Ltda SA SA
57721304499538;Fictícia Ltda Ltda
80459072721539;Empresa Comercial Industrial
89476215058013;Empresa SA Fictícia
46070197334613;Empresa SA Industrial
60231460832698;Comercial Comercial Industrial
21046567396285;Ltda Comercial Empresa
01696107190560;Comercial Ltda Industrial
85888654009787;Fictícia Empresa SA
26842611883679;Empresa Industrial Empresa
41365704945463;Comercial Empresa Fictícia
36250605861634;Empresa Comercial Ltda
16500657893160;Ltda Fictícia Ltda
43946808700921;Fictícia SA Industrial
76906121346252;Fictícia Comercial Fictícia
19469029246911;Industrial Fictícia Empresa
03505938543493;Ltda SA Fictícia
09901541189325;Ltda Fictícia Ltda
13502393118281;Comercial Ltda Ltda
22415241406897;Industrial Fictícia SA
58161232517427;Empresa Ltda Empresa
13555032740686;Ltda Empresa Comercial
57896063574456;Fictícia Comercial Empresa
86095793548482;Comercial Industrial Ltda
46669717768975;Industrial Ltda Industrial
48067820224089;Industrial Comercial Comercial
28496601608584;SA Comercial SA
73293981148513;Empresa SA Comercial
63230397191345;Empresa Fictícia Ltda
66729007820540;Ltda Empresa Industrial
06058853067688;Comercial Fictícia Fictícia
91672787990932;Comercial Fictícia Fictícia
82401564617453;Industrial Empresa Industrial
77376299230072;Empresa SA Empresa
45398605162030;Industrial Comercial Comercial
58779958204419;Empresa Comercial Fictícia
34696155647479;Ltda SA SA
15341681589145;Fictícia SA Comercial
46753920073915;Ltda Ltda Ltda
05603282822924;Fictícia Empresa Ltda
95284754853833;Empresa Fictícia Empresa
07770340145760;Ltda SA Industrial
66035053366081;Industrial SA Fictícia
55736576839447;Empresa Ltda Ltda
87298814239385;Industrial Industrial Industrial
09669163269841;Industrial Empresa Ltda
19735546935324;Empresa SA Empresa
99847518774552;Ltda Ltda Ltda
30052399460205;Fictícia Empresa Empresa
92441236813761;Industrial Comercial Comercial
35919852688008;Industrial Fictícia Industrial
12689664504248;Comercial Comercial Comercial
46658684187721;Empresa Industrial Industrial
32313473704973;Fictícia Ltda SA
15797822584893;Empresa Comercial Comercial
10219379275433;Ltda Ltda Fictícia
03679455176005;Industrial Fictícia Comercial
69588067805094;Ltda Fictícia Comercial
16070026026757;Ltda Comercial Industrial
29350231386247;Comercial Empresa Ltda
34334317696131;Comercial Ltda Comercial
97986144174048;Ltda Comercial SA
26522545122251;Comercial Empresa SA
63739668844630;SA Fictícia SA
28905082270900;Fictícia Empresa Fictícia
14783858527410;Fictícia SA Comercial
15459674042687;Comercial Fictícia Ltda
64141255404273;Ltda SA Comercial
72121403770614;SA Comercial SA
85086005355522;Comercial Industrial Industrial
39564333707601;Empresa Comercial SA
49076256517941;SA SA Empresa
38259139916897;Industrial Comercial Ltda
88055166299307;Industrial Ltda Comercial
84057578713871;Industrial Industrial SA
37722301348326;Comercial SA Ltda
75233860101416;Fictícia Empresa SA
36874694185185;SA Ltda SA
30817573666532;Empresa SA Comercial
98866260542598;Comercial Empresa Comercial
84086860753508;Empresa Fictícia Comercial
08587808533627;SA Fictícia Comercial
20842563413934;Fictícia Empresa Comercial
02643597967950;Comercial SA Fictícia
50992938243158;Ltda Fictícia Fictícia
24739104022031;Fictícia Comercial SA
30310224219083;SA Comercial Industrial
93694959568914;Comercial Industrial Industrial
30189007817871;Comercial Empresa Fictícia
91171164212906;Comercial Ltda Ltda
93848717597767;SA Ltda Ltda
31773212298563;Industrial Fictícia Industrial
38357311175090;Industrial Industrial Comercial
79571013495964;Fictícia Ltda Empresa
91875456098722;Empresa Fictícia Ltda
10831683305612;Comercial Empresa Ltda
79215896630552;Fictícia Ltda Empresa
70805175938385;Fictícia Fictícia Fictícia
79175657033687;Comercial SA Empresa
59621013013580;SA Fictícia Comercial
85946423355369;Comercial Industrial Ltda
23341928768133;Industrial Industrial Fictícia
73893912499631;Empresa Industrial Ltda
76288622498219;Fictícia Fictícia Empresa
72718479841016;SA Industrial Comercial
62815146424892;Empresa Empresa Fictícia
03038867150622;Industrial SA Empresa
67834059755025;Empresa Ltda Industrial
59062508106948;Ltda Empresa Comercial
93615467587547;Empresa SA Fictícia
01406951817053;Industrial SA Empresa
11803729600859;Ltda Fictícia Ltda
03994678047425;Industrial Fictícia Ltda
44574358439931;Industrial Empresa Empresa
37203809361848;SA SA Comercial
96764140486480;Empresa Empresa Ltda
83945392028537;Industrial Empresa Empresa
76227813808601;Industrial Empresa SA
74236599698128;Fictícia Comercial SA
96157953806164;Ltda Empresa Empresa
45474332067857;Industrial Empresa Industrial
98557824490790;Empresa Fictícia SA
36293549865164;SA Empresa Industrial
68817380169706;SA Empresa Ltda
27877356138393;Fictícia SA Ltda
75575931778339;Empresa Comercial Empresa
99316613515313;SA SA Industrial
07870977910250;Comercial Empresa SA
22867937962380;Fictícia Industrial Empresa
64124052685110;SA Ltda Comercial
49630700910285;Comercial Fictícia Comercial
15425542347319;Ltda Comercial SA
71257871867885;Fictícia Industrial SA
67464233443681;Ltda Empresa Industrial
09109157049412;Industrial Industrial Ltda
16562938706894;SA Industrial Comercial
81228854710508;Fictícia Industrial Fictícia
18706978844547;Fictícia Ltda Comercial
06666293929258;Comercial Ltda Ltda
16376577100554;Comercial Industrial Industrial
32424980745090;Empresa SA SA
62828566184734;Fictícia Comercial Industrial
97676144117347;Industrial Ltda Industrial
89405035783719;Empresa Comercial SA
08478911637327;Comercial SA SA
77751729080365;SA Empresa SA
79754573609733;Empresa Fictícia Ltda
65837001595404;Empresa Ltda Comercial
56072889946042;Empresa SA Empresa
54383545284337;Ltda SA Comercial
22778395236198;Empresa SA SA
48128774580532;SA Comercial Ltda
81034820606705;Comercial Fictícia SA
99174360097618;Comercial SA Industrial
93915178930503;Comercial Empresa Comercial
18104467728949;Comercial Empresa Empresa
14364331920770;Fictícia Comercial Industrial
88460608076379;Comercial Empresa Comercial
16394861375918;Empresa SA Industrial
49401249771142;Comercial Comercial SA
12187244223420;Fictícia Empresa Fictícia
27748463275399;Industrial Industrial Industrial
47990740829698;SA Fictícia Ltda
93652454550756;Industrial Empresa SA
96870108884115;Industrial Fictícia Empresa
99542950824446;SA Industrial Empresa
80166831873817;Empresa Fictícia Ltda
21754323443233;Fictícia Fictícia SA
83630810007182;Comercial Industrial Industrial
41101403985346;Empresa Ltda Comercial
41212464199606;Ltda Fictícia Comercial
97190123375431;SA Fictícia Empresa
14540348216000;Comercial Fictícia Industrial
28636626109661;Empresa SA Empresa
47479452932848;Ltda Industrial Empresa
07713848414428;Fictícia Fictícia Ltda
28602494294770;Empresa Fictícia Industrial
47580358949749;SA Fictícia Ltda
98689366271705;Empresa Industrial Industrial
37831921051571;Empresa Ltda Empresa
53530327309543;Industrial Industrial Ltda
96096863305378;Fictícia SA Empresa
97139883828894;Comercial SA Industrial
70482102292455;Industrial SA Industrial
52630377145695;Empresa Fictícia SA
51455457689029;Industrial Industrial SA
58480388569594;Fictícia Ltda Empresa
17634561006110;Comercial Comercial SA
81521899859939;Empresa Empresa Empresa
74050135703981;Comercial Empresa Ltda
88319106125966;Industrial SA Empresa
35573175931824;Fictícia Ltda Empresa
92075782605040;Industrial Ltda Empresa
29948750900976;Fictícia Comercial SA
33041058775583;SA SA Empresa
80037547620907;Ltda Ltda Comercial
16716972819013;Fictícia Comercial Fictícia
86371875764362;Comercial Empresa Ltda
28745225295319;Fictícia Empresa SA
49888055792446;Empresa SA Fictícia
24169726971500;Ltda Ltda SA
21474060284573;SA SA SA
34612982525326;Comercial Ltda SA
10983641987048;Fictícia Ltda Industrial
04130527020054;Comercial Industrial Industrial
84948640718723;Fictícia Fictícia Ltda
68290264548174;Industrial Empresa Ltda
17232675081899;Empresa Comercial SA
42431656614955;Industrial Industrial Comercial
83477508795383;Fictícia Empresa SA
84848834187436;Fictícia Empresa Industrial
06051723956966;Empresa Fictícia Empresa
33405328219632;Ltda Comercial Empresa
95788785873467;Empresa Empresa Ltda
77584577786956;SA SA SA
26539762619796;Ltda Fictícia Industrial
93094129790015;SA Comercial Empresa
28120167971394;Comercial Fictícia Ltda
45070958090542;SA Empresa Ltda
36120128215855;Fictícia Industrial Empresa
53311433109598;Ltda Industrial Ltda
06536833180212;Comercial Ltda Empresa
75317034723355;Industrial Ltda Empresa
50881624230976;SA Comercial Empresa
15647909769766;SA Empresa Empresa
20954855512601;Fictícia Fictícia Ltda
29756057383087;Ltda Empresa Ltda
99886211172621;Comercial SA Ltda
10052654295315;Ltda Ltda Industrial
56524224183297;Ltda SA Comercial
50059692417773;Industrial Empresa Fictícia
54110189472597;Industrial Comercial SA
76362147518802;Fictícia Comercial SA
83846511318075;Industrial SA Empresa
69569444883383;Fictícia Industrial SA
99664121878185;Comercial Comercial Ltda
69721575566267;Industrial Empresa Fictícia
20429207254761;Ltda Empresa Ltda
47473775273414;SA Fictícia SA
53123897974122;SA Ltda Empresa
54527625245901;Empresa Industrial Fictícia
56682960177762;Comercial Empresa Fictícia
29609521193361;Industrial Fictícia Fictícia
60691038460290;Empresa Comercial Industrial
37786055864884;Industrial SA Comercial
28527582145356;Fictícia Fictícia Industrial
52475383898300;Industrial SA Comercial
37989521878375;SA Fictícia Comercial
42211332844540;Empresa Empresa Comercial
86411971990593;Industrial Industrial SA
96369497641612;SA SA Fictícia
15606191897324;SA Empresa Ltda
18915328935039;Empresa SA Comercial
49771409028021;Comercial Industrial Comercial
72770722226724;SA SA Fictícia
04780731818793;Industrial SA Comercial
88295029782946;Fictícia Industrial Industrial
81333706323908;Ltda SA Ltda
98607406321252;SA SA Industrial
20729842726463;Empresa Ltda Fictícia
80744189616562;Fictícia SA Comercial
50133347027373;Fictícia Industrial Ltda
65160230114450;Ltda Ltda Comercial
34337161688614;Comercial Industrial SA
98091152748744;Industrial Fictícia Industrial
27486874803657;Fictícia Fictícia Comercial
90095262481512;SA Empresa Fictícia
82151888769296;Comercial Industrial Industrial
23558149975343;SA Ltda SA
67790612714169;Ltda SA SA
58915760570645;Comercial Empresa Industrial
23809193414576;Industrial Comercial SA
48267689372542;Comercial Comercial Fictícia
83543001182523;Fictícia Ltda Industrial
64298370999077;SA Industrial Comercial
94362283643793;Fictícia Industrial Ltda
15924852350819;Comercial Empresa Fictícia
02831555864899;Industrial Fictícia Comercial
15105224430478;SA Comercial Empresa
88867912131029;Comercial Comercial Fictícia
19687610563037;Fictícia Empresa Fictícia
31934743097730;Fictícia Industrial Fictícia
39441549359169;Empresa Comercial Industrial
84231567486877;Empresa Empresa SA
67631955051565;Empresa Fictícia Empresa
97821387637857;Industrial Comercial Ltda
99142762676954;Empresa Ltda Fictícia
93832155438432;SA Empresa Empresa
92068061064596;SA Industrial Ltda
00625720693765;Industrial SA Industrial
36380323044648;Comercial Comercial Fictícia
40024680268569;Ltda Empresa Ltda
30853520584559;Fictícia Empresa SA
86637689087192;SA Fictícia Comercial
03412238021410;Comercial SA Empresa
94342886470866;Ltda Empresa Industrial
05546999439192;SA Comercial SA
12028472041227;Fictícia Ltda Industrial
43635907387152;Ltda Comercial Empresa
67408905990374;Industrial Industrial Comercial
60323245651836;Comercial Comercial Industrial
38672263246499;Fictícia Ltda Comercial
09247000665777;SA Ltda Fictícia
65822310279395;Ltda Empresa Comercial
54817422523821;Empresa SA Ltda
62819576670130;Comercial Comercial SA
25970770049980;Industrial Industrial Empresa
59720752523737;Fictícia Industrial Fictícia
13907889712203;Industrial Empresa Fictícia
16345628765577;Comercial Empresa SA
04888720408834;SA Fictícia Empresa
87153172154515;Fictícia Ltda Comercial
65687831566020;Comercial Fictícia Empresa
81558616715055;SA Fictícia Fictícia
47782129536179;Industrial Industrial Ltda
17851757735335;Industrial Fictícia Fictícia
95474526824553;Comercial Industrial Industrial
84624171324147;Industrial Comercial Industrial
14608533747019;Ltda Comercial Industrial
15559044240694;Industrial SA Comercial
62524992807824;SA Empresa Comercial
84713283792987;Industrial Ltda Ltda
98040109774214;SA SA Ltda
29738873011365;SA Industrial Comercial
56299489949664;SA Industrial Empresa
41242608587579;Ltda Comercial Industrial
91886015156078;Ltda Industrial Industrial
07370291329182;Comercial Fictícia Fictícia
72211264426064;Industrial Empresa Empresa
90093006589487;Empresa Fictícia Ltda
20256902282861;Fictícia Ltda Empresa
11595661662065;Fictícia SA Comercial
04989026100467;Industrial Empresa Fictícia
06789533667189;Industrial Ltda Industrial
39142692268878;SA Ltda Fictícia
94240902005670;Fictícia Empresa Fictícia
23035955091671;Empresa Industrial Ltda
41377414275357;Fictícia Comercial Industrial
81717292866760;Empresa Industrial Industrial
80345882874319;Comercial Empresa Comercial
63194853726109;Empresa Empresa Ltda
74874131045766;Comercial Empresa Industrial
38376764705579;Fictícia Ltda SA
23123369063369;Industrial Empresa Comercial
38435486837551;Ltda Ltda Industrial
60132161205926;SA Empresa Ltda
39743375654946;SA Ltda Fictícia
98932793771559;Ltda Comercial Empresa
55711335036886;Ltda Industrial Fictícia
53748784955815;Ltda Comercial SA
19769537674272;Industrial Ltda Empresa
06505448865248;SA Industrial Empresa
77012284901584;Fictícia Comercial Fictícia
28775674207520;Ltda Empresa Empresa
33243931151209;Comercial Ltda Industrial
85343283805281;Fictícia Ltda Empresa
39609629397253;Fictícia Empresa Comercial
74518413469656;Ltda Empresa SA
42659301178209;SA Fictícia Fictícia
96604377837894;Industrial Fictícia Empresa
77730567879058;Comercial Empresa SA
55209701929529;Comercial Ltda Ltda
80787739980661;Ltda Comercial Empresa
50853084892290;Fictícia SA Fictícia
10445858080375;Empresa Empresa Comercial
42118188583770;SA Industrial Fictícia
09361678808108;Comercial Industrial Fictícia
75693738287001;Empresa SA Industrial
63492803356876;Ltda Industrial Ltda
97700804533132;Ltda Ltda Ltda
04379661608623;Fictícia Fictícia Industrial
64628050536148;Comercial Empresa Comercial
14672661027497;Empresa Ltda SA
35798069418513;Ltda Fictícia Ltda
86004808084497;Ltda Empresa Empresa
43488638060023;Empresa Industrial SA
38689129093723;Fictícia Fictícia Fictícia
13306306418303;Empresa Ltda Fictícia
63013401926469;Comercial SA Comercial
74922054481506;Industrial Ltda Fictícia
65749600501104;Comercial Empresa SA
93848231898470;Comercial Comercial Empresa
29276822978996;SA SA Empresa
53196354510796;SA Industrial Industrial
92953702412782;Comercial Fictícia Comercial
48435535745804;Comercial Fictícia Comercial
32268311029086;Ltda Industrial Fictícia
37749443272352;Fictícia Comercial Ltda
70969352289609;Ltda SA Industrial
18505726464806;Comercial Empresa Comercial
92457518284179;Ltda Empresa SA
14760086883767;Industrial SA Empresa
68099162699919;Fictícia Ltda Ltda
40142479549971;Empresa Comercial Fictícia
20668354987402;SA SA Ltda
01227930700784;Comercial SA Comercial
44245263980876;Ltda Comercial Industrial
81248169699277;SA Fictícia SA
19681110221705;Empresa Fictícia Empresa
45225852120820;Empresa Comercial Comercial
55358956909022;SA Comercial Empresa
61786892382212;Fictícia Comercial Comercial
83274534412048;Ltda Industrial Fictícia
12553929866388;Empresa SA Ltda
42015945138994;Empresa Industrial SA
15101410906167;Industrial Ltda Fictícia
87873465046553;Empresa Fictícia Fictícia
70496386842078;Fictícia Empresa Industrial
92584108093937;Empresa Ltda Fictícia
52457570969887;Empresa Ltda Fictícia
00141088937326;Comercial Ltda Empresa
72677670581286;Industrial Empresa SA
31180176694952;Ltda Industrial Empresa
71492529853734;Empresa Empresa Empresa
95658223057591;Industrial Industrial Industrial
12277739836054;Ltda Empresa Comercial
10135853110714;Empresa Fictícia Fictícia
48364577387218;Empresa Ltda Ltda
81302813824835;Industrial SA Empresa
66072896471588;SA Comercial Fictícia
63835700272413;Comercial Empresa Ltda
32372067512726;SA Ltda Comercial
31510729864016;Industrial Comercial Fictícia
78552470271111;Ltda Empresa Ltda
05972646380884;Ltda Industrial Comercial
30189638701376;Comercial Industrial Ltda
15660371275970;SA Fictícia SA
07023808165680;Comercial Comercial Fictícia
26426723289996;Empresa Fictícia Empresa
14237010678061;Ltda Comercial Comercial
92545511182882;Ltda Ltda Fictícia
67418529641977;SA Comercial Fictícia
41305548950807;Industrial Fictícia Industrial
28238361267556;SA Industrial Fictícia
94790817022559;Fictícia Fictícia Empresa
96600464246969;Comercial Empresa Ltda
45275765269261;Fictícia Industrial Industrial
18837090927808;Comercial Ltda Industrial
13692093960083;SA Comercial Fictícia
42136703272675;Empresa Ltda Comercial
98077368771518;Ltda Fictícia Fictícia
13458407357258;Fictícia SA Industrial
77916891101511;Comercial Comercial Industrial
40492215490673;SA Comercial SA
94954654699031;Fictícia SA SA
57948318359002;Empresa Ltda SA
48717029138872;SA Ltda SA
86215361606954;Ltda Ltda Empresa
54249392400890;Ltda SA Industrial
98366111823631;Comercial Fictícia Fictícia
00282953191212;Fictícia SA Fictícia
76853608294931;SA Comercial Ltda
80768270059007;Comercial Industrial Comercial
87811716943720;Comercial SA Industrial
46149851817216;Industrial Industrial Comercial
01631956980604;Ltda Ltda Empresa
09441776695278;Ltda Comercial Comercial
22436090439086;Ltda Empresa Industrial
90655649317232;Ltda Industrial Fictícia
32583181697606;Fictícia Industrial Fictícia
33006366143206;Comercial Industrial Industrial
31836110665177;Empresa Fictícia Empresa
68638996868848;SA Fictícia Industrial
25850596408632;Ltda Empresa Fictícia
78842519105961;Fictícia Ltda Industrial
75138569855560;Comercial Empresa Fictícia
63124559386694;Ltda Fictícia Industrial
01678507261197;Comercial Comercial Fictícia
02757941292006;Industrial Fictícia Comercial
88568031814692;Comercial Comercial Empresa
28277996747922;Industrial Comercial Empresa
72893600908185;Empresa Fictícia Empresa
47039566446345;Comercial Empresa Empresa
12157847139655;SA Fictícia Comercial
96272626343800;Empresa Empresa Fictícia
28498440450086;Industrial Empresa SA
06828859799173;Industrial Industrial SA
46778444165131;Ltda SA Comercial
66525031437535;Ltda SA Industrial
45073000739104;Industrial SA Fictícia
93379914543940;SA Industrial Ltda
00572614394329;Fictícia Comercial Ltda
40215654549372;Industrial Empresa Comercial
50893193291490;Fictícia Ltda Comercial
83108750283678;Industrial SA Comercial
08730309985907;Industrial Comercial Ltda
51496553525247;SA Empresa SA
93600241268157;Comercial Industrial Ltda
15672644092216;Ltda Industrial Fictícia
29415268360820;Industrial Fictícia SA
03896980992841;SA Industrial SA
20544307057303;SA Ltda Ltda
38987908836755;Ltda Empresa Comercial
87869297835818;Comercial Fictícia Fictícia
94620717179687;Ltda Industrial Comercial
45149054400907;Industrial SA SA
89012843688306;Comercial Fictícia Fictícia
77932284545674;Ltda SA SA
72678631625424;SA Empresa Fictícia
73483979266184;Ltda Industrial Fictícia
13606962517570;Comercial Comercial Ltda
90350926015665;SA Ltda Empresa
57152508273472;Comercial Comercial Fictícia
32509603028202;Comercial Comercial SA
63025281242571;Fictícia Fictícia Ltda
01187160723406;Fictícia Empresa Comercial
33244884511657;Empresa Comercial Ltda
74587630286644;SA Industrial Fictícia
76378939320249;Empresa Ltda Comercial
52156764732300;Industrial Ltda Industrial
77334898323984;Ltda Industrial Fictícia
57071962268069;Comercial SA Ltda
88801918488716;Empresa Ltda SA
22200521495816;Fictícia Industrial Fictícia
67079496229751;Ltda Comercial Comercial
48062787131570;Comercial Fictícia Industrial
02562985692489;Industrial Fictícia Industrial
31220314486352;Empresa Comercial Fictícia
28825268812054;Ltda Comercial Industrial
42542266685107;Industrial Empresa Fictícia
09925912963951;Fictícia Comercial SA
30825065819408;Industrial Fictícia Fictícia
37051060077769;SA Empresa Ltda
15965332399833;SA Comercial Comercial
78009402474474;SA Ltda SA
55685552465264;Fictícia Empresa Comercial
51330620296850;Comercial Empresa Fictícia
82938387313977;Comercial Industrial Ltda
00368293706986;Ltda SA Fictícia
74896764319567;SA Fictícia Industrial
60340703347454;Empresa Ltda Industrial
78700330812228;Ltda SA Ltda
88323219814268;Ltda Industrial Empresa
18244347403180;Fictícia SA Industrial
00431358356937;Comercial Comercial SA
56247847939739;Comercial SA Fictícia
28277924518397;Ltda Industrial SA
73044149013763;SA Industrial Industrial
61492622402429;Fictícia Comercial SA
94825786031395;SA Ltda Empresa
00621469107804;SA Ltda Empresa
46009464979692;Fictícia Empresa Ltda
39626621466884;Comercial Empresa Empresa
34152449077754;Fictícia Industrial Industrial
01984704738744;Empresa Ltda Empresa
75849882386742;Industrial Comercial Comercial
74727211943239;SA Comercial Fictícia
51471439901362;Fictícia Empresa Fictícia
27154208780706;Industrial SA Comercial
29684125785583;SA Empresa Industrial
55647479122086;Empresa Comercial SA
72845905740257;Empresa Empresa Empresa
84385591972532;Industrial SA Empresa
79473959842262;Ltda Fictícia Empresa
54819240552540;Fictícia Ltda Fictícia
53684630441994;Industrial Ltda Fictícia
70585543474422;SA Empresa Industrial
